timestamp,item_id,person_count,max_person_count,utilization_percentage
2026-04-21T21:07:20Z,bad_giesing-harlaching_swim,10,311,3.2
2026-04-21T21:07:20Z,cosimawellenbad_swim,2,530,0.4
2026-04-21T21:07:20Z,michaelibad_swim,6,570,1.1
2026-04-21T21:07:20Z,müller’sches_volksbad_swim,4,177,2.3
2026-04-21T21:07:20Z,nordbad_swim,10,432,2.3
2026-04-21T21:07:20Z,olympia-schwimmhalle_swim,12,959,1.3
2026-04-21T21:07:20Z,südbad_swim,4,314,1.3
2026-04-21T21:07:20Z,westbad_swim,15,872,1.7
2026-04-21T21:07:20Z,cosimawellenbad_sauna,0,170,0.0
2026-04-21T21:07:20Z,michaelibad_sauna,4,150,2.7
2026-04-21T21:07:20Z,müller’sches_volksbad_sauna,1,70,1.4
2026-04-21T21:07:20Z,nordbad_sauna,1,146,0.7
2026-04-21T21:07:20Z,südbad_sauna,0,100,0.0
2026-04-21T21:07:20Z,westbad_sauna,0,60,0.0
2026-04-21T22:01:09Z,bad_giesing-harlaching_swim,10,311,3.2
2026-04-21T22:01:09Z,cosimawellenbad_swim,2,530,0.4
2026-04-21T22:01:09Z,michaelibad_swim,0,570,0.0
2026-04-21T22:01:09Z,müller’sches_volksbad_swim,4,177,2.3
2026-04-21T22:01:09Z,nordbad_swim,0,432,0.0
2026-04-21T22:01:09Z,olympia-schwimmhalle_swim,12,959,1.3
2026-04-21T22:01:09Z,südbad_swim,0,314,0.0
2026-04-21T22:01:09Z,westbad_swim,0,872,0.0
2026-04-21T22:01:09Z,cosimawellenbad_sauna,0,170,0.0
2026-04-21T22:01:09Z,michaelibad_sauna,0,150,0.0
2026-04-21T22:01:09Z,müller’sches_volksbad_sauna,1,70,1.4
2026-04-21T22:01:09Z,nordbad_sauna,0,146,0.0
2026-04-21T22:01:09Z,südbad_sauna,0,100,0.0
2026-04-21T22:01:09Z,westbad_sauna,0,60,0.0
2026-04-21T23:00:34Z,bad_giesing-harlaching_swim,0,311,0.0
2026-04-21T23:00:34Z,cosimawellenbad_swim,0,530,0.0
2026-04-21T23:00:34Z,michaelibad_swim,0,570,0.0
2026-04-21T23:00:34Z,müller’sches_volksbad_swim,0,177,0.0
2026-04-21T23:00:34Z,nordbad_swim,0,432,0.0
2026-04-21T23:00:34Z,olympia-schwimmhalle_swim,0,959,0.0
2026-04-21T23:00:34Z,südbad_swim,0,314,0.0
2026-04-21T23:00:34Z,westbad_swim,0,872,0.0
2026-04-21T23:00:34Z,cosimawellenbad_sauna,0,170,0.0
2026-04-21T23:00:34Z,michaelibad_sauna,0,150,0.0
2026-04-21T23:00:34Z,müller’sches_volksbad_sauna,0,70,0.0
2026-04-21T23:00:34Z,nordbad_sauna,0,146,0.0
2026-04-21T23:00:34Z,südbad_sauna,0,100,0.0
2026-04-21T23:00:34Z,westbad_sauna,0,60,0.0
2026-04-21T23:53:00Z,bad_giesing-harlaching_swim,0,311,0.0
2026-04-21T23:53:00Z,cosimawellenbad_swim,0,530,0.0
2026-04-21T23:53:00Z,michaelibad_swim,0,570,0.0
2026-04-21T23:53:00Z,müller’sches_volksbad_swim,0,177,0.0
2026-04-21T23:53:00Z,nordbad_swim,0,432,0.0
2026-04-21T23:53:00Z,olympia-schwimmhalle_swim,0,959,0.0
2026-04-21T23:53:00Z,südbad_swim,0,314,0.0
2026-04-21T23:53:00Z,westbad_swim,0,872,0.0
2026-04-21T23:53:00Z,cosimawellenbad_sauna,0,170,0.0
2026-04-21T23:53:00Z,michaelibad_sauna,0,150,0.0
2026-04-21T23:53:00Z,müller’sches_volksbad_sauna,0,70,0.0
2026-04-21T23:53:00Z,nordbad_sauna,0,146,0.0
2026-04-21T23:53:00Z,südbad_sauna,0,100,0.0
2026-04-21T23:53:00Z,westbad_sauna,0,60,0.0
2026-04-22T03:43:53Z,bad_giesing-harlaching_swim,0,311,0.0
2026-04-22T03:43:53Z,cosimawellenbad_swim,0,530,0.0
2026-04-22T03:43:53Z,michaelibad_swim,0,570,0.0
2026-04-22T03:43:53Z,müller’sches_volksbad_swim,0,177,0.0
2026-04-22T03:43:53Z,nordbad_swim,0,432,0.0
2026-04-22T03:43:53Z,olympia-schwimmhalle_swim,0,959,0.0
2026-04-22T03:43:53Z,südbad_swim,0,314,0.0
2026-04-22T03:43:53Z,westbad_swim,0,872,0.0
2026-04-22T03:43:53Z,cosimawellenbad_sauna,0,170,0.0
2026-04-22T03:43:53Z,michaelibad_sauna,0,150,0.0
2026-04-22T03:43:53Z,müller’sches_volksbad_sauna,0,70,0.0
2026-04-22T03:43:53Z,nordbad_sauna,0,146,0.0
2026-04-22T03:43:53Z,südbad_sauna,0,100,0.0
2026-04-22T03:43:53Z,westbad_sauna,0,60,0.0
2026-04-22T06:12:21Z,bad_giesing-harlaching_swim,13,311,4.2
2026-04-22T06:12:21Z,cosimawellenbad_swim,38,530,7.2
2026-04-22T06:12:21Z,michaelibad_swim,61,570,10.7
2026-04-22T06:12:21Z,müller’sches_volksbad_swim,41,177,23.2
2026-04-22T06:12:21Z,nordbad_swim,51,432,11.8
2026-04-22T06:12:21Z,olympia-schwimmhalle_swim,112,959,11.7
2026-04-22T06:12:21Z,südbad_swim,71,314,22.6
2026-04-22T06:12:21Z,westbad_swim,71,872,8.1
2026-04-22T06:12:21Z,cosimawellenbad_sauna,0,170,0.0
2026-04-22T06:12:21Z,michaelibad_sauna,1,150,0.7
2026-04-22T06:12:21Z,müller’sches_volksbad_sauna,0,70,0.0
2026-04-22T06:12:21Z,nordbad_sauna,1,146,0.7
2026-04-22T06:12:21Z,südbad_sauna,0,100,0.0
2026-04-22T06:12:21Z,westbad_sauna,4,60,6.7
2026-04-22T08:07:40Z,bad_giesing-harlaching_swim,68,311,21.9
2026-04-22T08:07:40Z,cosimawellenbad_swim,74,530,14.0
2026-04-22T08:07:40Z,michaelibad_swim,83,570,14.6
2026-04-22T08:07:40Z,müller’sches_volksbad_swim,24,177,13.6
2026-04-22T08:07:40Z,nordbad_swim,123,432,28.5
2026-04-22T08:07:40Z,olympia-schwimmhalle_swim,129,959,13.5
2026-04-22T08:07:40Z,südbad_swim,117,314,37.3
2026-04-22T08:07:40Z,westbad_swim,111,872,12.7
2026-04-22T08:07:40Z,cosimawellenbad_sauna,6,170,3.5
2026-04-22T08:07:40Z,michaelibad_sauna,13,150,8.7
2026-04-22T08:07:40Z,müller’sches_volksbad_sauna,2,70,2.9
2026-04-22T08:07:40Z,nordbad_sauna,15,146,10.3
2026-04-22T08:07:40Z,südbad_sauna,6,100,6.0
2026-04-22T08:07:40Z,westbad_sauna,16,60,26.7
2026-04-22T09:54:09Z,bad_giesing-harlaching_swim,45,311,14.5
2026-04-22T09:54:09Z,cosimawellenbad_swim,50,530,9.4
2026-04-22T09:54:09Z,michaelibad_swim,71,570,12.5
2026-04-22T09:54:09Z,müller’sches_volksbad_swim,43,177,24.3
2026-04-22T09:54:09Z,nordbad_swim,145,432,33.6
2026-04-22T09:54:09Z,olympia-schwimmhalle_swim,150,959,15.6
2026-04-22T09:54:09Z,südbad_swim,87,314,27.7
2026-04-22T09:54:09Z,westbad_swim,142,872,16.3
2026-04-22T09:54:09Z,cosimawellenbad_sauna,16,170,9.4
2026-04-22T09:54:09Z,michaelibad_sauna,14,150,9.3
2026-04-22T09:54:09Z,müller’sches_volksbad_sauna,3,70,4.3
2026-04-22T09:54:09Z,nordbad_sauna,33,146,22.6
2026-04-22T09:54:09Z,südbad_sauna,14,100,14.0
2026-04-22T09:54:09Z,westbad_sauna,23,60,38.3
2026-04-22T11:33:20Z,bad_giesing-harlaching_swim,24,311,7.7
2026-04-22T11:33:20Z,cosimawellenbad_swim,25,530,4.7
2026-04-22T11:33:20Z,michaelibad_swim,85,570,14.9
2026-04-22T11:33:20Z,müller’sches_volksbad_swim,31,177,17.5
2026-04-22T11:33:20Z,nordbad_swim,79,432,18.3
2026-04-22T11:33:20Z,olympia-schwimmhalle_swim,89,959,9.3
2026-04-22T11:33:20Z,südbad_swim,46,314,14.6
2026-04-22T11:33:20Z,westbad_swim,123,872,14.1
2026-04-22T11:33:20Z,cosimawellenbad_sauna,17,170,10.0
2026-04-22T11:33:20Z,michaelibad_sauna,14,150,9.3
2026-04-22T11:33:20Z,müller’sches_volksbad_sauna,8,70,11.4
2026-04-22T11:33:20Z,nordbad_sauna,27,146,18.5
2026-04-22T11:33:20Z,südbad_sauna,12,100,12.0
2026-04-22T11:33:20Z,westbad_sauna,14,60,23.3
2026-04-22T14:11:14Z,bad_giesing-harlaching_swim,67,311,21.5
2026-04-22T14:11:14Z,cosimawellenbad_swim,73,530,13.8
2026-04-22T14:11:14Z,michaelibad_swim,126,570,22.1
2026-04-22T14:11:14Z,müller’sches_volksbad_swim,36,177,20.3
2026-04-22T14:11:14Z,nordbad_swim,183,432,42.4
2026-04-22T14:11:14Z,olympia-schwimmhalle_swim,138,959,14.4
2026-04-22T14:11:14Z,südbad_swim,148,314,47.1
2026-04-22T14:11:14Z,westbad_swim,194,872,22.2
2026-04-22T14:11:14Z,cosimawellenbad_sauna,16,170,9.4
2026-04-22T14:11:14Z,michaelibad_sauna,16,150,10.7
2026-04-22T14:11:14Z,müller’sches_volksbad_sauna,8,70,11.4
2026-04-22T14:11:14Z,nordbad_sauna,14,146,9.6
2026-04-22T14:11:14Z,südbad_sauna,12,100,12.0
2026-04-22T14:11:14Z,westbad_sauna,7,60,11.7
2026-04-22T15:42:25Z,bad_giesing-harlaching_swim,92,311,29.6
2026-04-22T15:42:25Z,cosimawellenbad_swim,93,530,17.5
2026-04-22T15:42:25Z,michaelibad_swim,178,570,31.2
2026-04-22T15:42:25Z,müller’sches_volksbad_swim,57,177,32.2
2026-04-22T15:42:25Z,nordbad_swim,215,432,49.8
2026-04-22T15:42:25Z,olympia-schwimmhalle_swim,217,959,22.6
2026-04-22T15:42:25Z,südbad_swim,137,314,43.6
2026-04-22T15:42:25Z,westbad_swim,182,872,20.9
2026-04-22T15:42:25Z,cosimawellenbad_sauna,8,170,4.7
2026-04-22T15:42:25Z,michaelibad_sauna,15,150,10.0
2026-04-22T15:42:25Z,müller’sches_volksbad_sauna,19,70,27.1
2026-04-22T15:42:25Z,nordbad_sauna,18,146,12.3
2026-04-22T15:42:25Z,südbad_sauna,12,100,12.0
2026-04-22T15:42:25Z,westbad_sauna,5,60,8.3
2026-04-22T17:16:22Z,bad_giesing-harlaching_swim,73,311,23.5
2026-04-22T17:16:22Z,cosimawellenbad_swim,59,530,11.1
2026-04-22T17:16:22Z,michaelibad_swim,86,570,15.1
2026-04-22T17:16:22Z,müller’sches_volksbad_swim,54,177,30.5
2026-04-22T17:16:22Z,nordbad_swim,157,432,36.3
2026-04-22T17:16:22Z,olympia-schwimmhalle_swim,355,959,37.0
2026-04-22T17:16:22Z,südbad_swim,76,314,24.2
2026-04-22T17:16:22Z,westbad_swim,140,872,16.1
2026-04-22T17:16:22Z,cosimawellenbad_sauna,11,170,6.5
2026-04-22T17:16:22Z,michaelibad_sauna,16,150,10.7
2026-04-22T17:16:22Z,müller’sches_volksbad_sauna,29,70,41.4
2026-04-22T17:16:22Z,nordbad_sauna,21,146,14.4
2026-04-22T17:16:22Z,südbad_sauna,9,100,9.0
2026-04-22T17:16:22Z,westbad_sauna,5,60,8.3
2026-04-22T18:16:00Z,bad_giesing-harlaching_swim,38,311,12.2
2026-04-22T18:16:00Z,cosimawellenbad_swim,67,530,12.6
2026-04-22T18:16:00Z,michaelibad_swim,81,570,14.2
2026-04-22T18:16:00Z,müller’sches_volksbad_swim,67,177,37.9
2026-04-22T18:16:00Z,nordbad_swim,148,432,34.3
2026-04-22T18:16:00Z,olympia-schwimmhalle_swim,319,959,33.3
2026-04-22T18:16:00Z,südbad_swim,50,314,15.9
2026-04-22T18:16:00Z,westbad_swim,131,872,15.0
2026-04-22T18:16:00Z,cosimawellenbad_sauna,29,170,17.1
2026-04-22T18:16:00Z,michaelibad_sauna,22,150,14.7
2026-04-22T18:16:00Z,müller’sches_volksbad_sauna,41,70,58.6
2026-04-22T18:16:00Z,nordbad_sauna,28,146,19.2
2026-04-22T18:16:00Z,südbad_sauna,18,100,18.0
2026-04-22T18:16:00Z,westbad_sauna,15,60,25.0
2026-04-22T19:43:08Z,bad_giesing-harlaching_swim,20,311,6.4
2026-04-22T19:43:08Z,cosimawellenbad_swim,44,530,8.3
2026-04-22T19:43:08Z,michaelibad_swim,70,570,12.3
2026-04-22T19:43:08Z,müller’sches_volksbad_swim,55,177,31.1
2026-04-22T19:43:08Z,nordbad_swim,92,432,21.3
2026-04-22T19:43:08Z,olympia-schwimmhalle_swim,173,959,18.0
2026-04-22T19:43:08Z,südbad_swim,43,314,13.7
2026-04-22T19:43:08Z,westbad_swim,83,872,9.5
2026-04-22T19:43:08Z,cosimawellenbad_sauna,27,170,15.9
2026-04-22T19:43:08Z,michaelibad_sauna,20,150,13.3
2026-04-22T19:43:08Z,müller’sches_volksbad_sauna,25,70,35.7
2026-04-22T19:43:08Z,nordbad_sauna,25,146,17.1
2026-04-22T19:43:08Z,südbad_sauna,20,100,20.0
2026-04-22T19:43:08Z,westbad_sauna,14,60,23.3
2026-04-22T21:11:03Z,bad_giesing-harlaching_swim,4,311,1.3
2026-04-22T21:11:03Z,cosimawellenbad_swim,0,530,0.0
2026-04-22T21:11:03Z,michaelibad_swim,5,570,0.9
2026-04-22T21:11:03Z,müller’sches_volksbad_swim,0,177,0.0
2026-04-22T21:11:03Z,nordbad_swim,7,432,1.6
2026-04-22T21:11:03Z,olympia-schwimmhalle_swim,21,959,2.2
2026-04-22T21:11:03Z,südbad_swim,9,314,2.9
2026-04-22T21:11:03Z,westbad_swim,16,872,1.8
2026-04-22T21:11:03Z,cosimawellenbad_sauna,2,170,1.2
2026-04-22T21:11:03Z,michaelibad_sauna,0,150,0.0
2026-04-22T21:11:03Z,müller’sches_volksbad_sauna,0,70,0.0
2026-04-22T21:11:03Z,nordbad_sauna,1,146,0.7
2026-04-22T21:11:03Z,südbad_sauna,0,100,0.0
2026-04-22T21:11:03Z,westbad_sauna,0,60,0.0
2026-04-22T22:06:51Z,bad_giesing-harlaching_swim,4,311,1.3
2026-04-22T22:06:51Z,cosimawellenbad_swim,0,530,0.0
2026-04-22T22:06:51Z,michaelibad_swim,0,570,0.0
2026-04-22T22:06:51Z,müller’sches_volksbad_swim,0,177,0.0
2026-04-22T22:06:51Z,nordbad_swim,0,432,0.0
2026-04-22T22:06:51Z,olympia-schwimmhalle_swim,21,959,2.2
2026-04-22T22:06:51Z,südbad_swim,0,314,0.0
2026-04-22T22:06:51Z,westbad_swim,0,872,0.0
2026-04-22T22:06:51Z,cosimawellenbad_sauna,2,170,1.2
2026-04-22T22:06:51Z,michaelibad_sauna,0,150,0.0
2026-04-22T22:06:51Z,müller’sches_volksbad_sauna,0,70,0.0
2026-04-22T22:06:51Z,nordbad_sauna,0,146,0.0
2026-04-22T22:06:51Z,südbad_sauna,0,100,0.0
2026-04-22T22:06:51Z,westbad_sauna,0,60,0.0
2026-04-22T23:08:15Z,bad_giesing-harlaching_swim,0,311,0.0
2026-04-22T23:08:15Z,cosimawellenbad_swim,0,530,0.0
2026-04-22T23:08:15Z,michaelibad_swim,0,570,0.0
2026-04-22T23:08:15Z,müller’sches_volksbad_swim,0,177,0.0
2026-04-22T23:08:15Z,nordbad_swim,0,432,0.0
2026-04-22T23:08:15Z,olympia-schwimmhalle_swim,0,959,0.0
2026-04-22T23:08:15Z,südbad_swim,0,314,0.0
2026-04-22T23:08:15Z,westbad_swim,0,872,0.0
2026-04-22T23:08:15Z,cosimawellenbad_sauna,0,170,0.0
2026-04-22T23:08:15Z,michaelibad_sauna,0,150,0.0
2026-04-22T23:08:15Z,müller’sches_volksbad_sauna,0,70,0.0
2026-04-22T23:08:15Z,nordbad_sauna,0,146,0.0
2026-04-22T23:08:15Z,südbad_sauna,0,100,0.0
2026-04-22T23:08:15Z,westbad_sauna,0,60,0.0
2026-04-23T00:04:11Z,bad_giesing-harlaching_swim,0,311,0.0
2026-04-23T00:04:11Z,cosimawellenbad_swim,0,530,0.0
2026-04-23T00:04:11Z,michaelibad_swim,0,570,0.0
2026-04-23T00:04:11Z,müller’sches_volksbad_swim,0,177,0.0
2026-04-23T00:04:11Z,nordbad_swim,0,432,0.0
2026-04-23T00:04:11Z,olympia-schwimmhalle_swim,0,959,0.0
2026-04-23T00:04:11Z,südbad_swim,0,314,0.0
2026-04-23T00:04:11Z,westbad_swim,0,872,0.0
2026-04-23T00:04:11Z,cosimawellenbad_sauna,0,170,0.0
2026-04-23T00:04:11Z,michaelibad_sauna,0,150,0.0
2026-04-23T00:04:11Z,müller’sches_volksbad_sauna,0,70,0.0
2026-04-23T00:04:11Z,nordbad_sauna,0,146,0.0
2026-04-23T00:04:11Z,südbad_sauna,0,100,0.0
2026-04-23T00:04:11Z,westbad_sauna,0,60,0.0
2026-04-23T03:48:47Z,bad_giesing-harlaching_swim,0,311,0.0
2026-04-23T03:48:47Z,cosimawellenbad_swim,0,530,0.0
2026-04-23T03:48:47Z,michaelibad_swim,0,570,0.0
2026-04-23T03:48:47Z,müller’sches_volksbad_swim,0,177,0.0
2026-04-23T03:48:47Z,nordbad_swim,0,432,0.0
2026-04-23T03:48:47Z,olympia-schwimmhalle_swim,0,959,0.0
2026-04-23T03:48:47Z,südbad_swim,0,314,0.0
2026-04-23T03:48:47Z,westbad_swim,0,872,0.0
2026-04-23T03:48:47Z,cosimawellenbad_sauna,0,170,0.0
2026-04-23T03:48:47Z,michaelibad_sauna,0,150,0.0
2026-04-23T03:48:47Z,müller’sches_volksbad_sauna,0,70,0.0
2026-04-23T03:48:47Z,nordbad_sauna,0,146,0.0
2026-04-23T03:48:47Z,südbad_sauna,0,100,0.0
2026-04-23T03:48:47Z,westbad_sauna,0,60,0.0
2026-04-23T06:17:59Z,bad_giesing-harlaching_swim,41,311,13.2
2026-04-23T06:17:59Z,cosimawellenbad_swim,38,530,7.2
2026-04-23T06:17:59Z,michaelibad_swim,48,570,8.4
2026-04-23T06:17:59Z,müller’sches_volksbad_swim,30,177,16.9
2026-04-23T06:17:59Z,nordbad_swim,93,432,21.5
2026-04-23T06:17:59Z,olympia-schwimmhalle_swim,105,959,10.9
2026-04-23T06:17:59Z,südbad_swim,27,314,8.6
2026-04-23T06:17:59Z,westbad_swim,37,872,4.2
2026-04-23T06:17:59Z,cosimawellenbad_sauna,0,170,0.0
2026-04-23T06:17:59Z,michaelibad_sauna,2,150,1.3
2026-04-23T06:17:59Z,müller’sches_volksbad_sauna,0,70,0.0
2026-04-23T06:17:59Z,nordbad_sauna,1,146,0.7
2026-04-23T06:17:59Z,südbad_sauna,0,100,0.0
2026-04-23T06:17:59Z,westbad_sauna,0,60,0.0
2026-04-23T09:04:41Z,bad_giesing-harlaching_swim,50,311,16.1
2026-04-23T09:04:41Z,cosimawellenbad_swim,80,530,15.1
2026-04-23T09:04:41Z,michaelibad_swim,96,570,16.8
2026-04-23T09:04:41Z,müller’sches_volksbad_swim,54,177,30.5
2026-04-23T09:04:41Z,nordbad_swim,110,432,25.5
2026-04-23T09:04:41Z,olympia-schwimmhalle_swim,133,959,13.9
2026-04-23T09:04:41Z,südbad_swim,68,314,21.7
2026-04-23T09:04:41Z,westbad_swim,88,872,10.1
2026-04-23T09:04:41Z,cosimawellenbad_sauna,9,170,5.3
2026-04-23T09:04:41Z,michaelibad_sauna,22,150,14.7
2026-04-23T09:04:41Z,müller’sches_volksbad_sauna,7,70,10.0
2026-04-23T09:04:41Z,nordbad_sauna,5,146,3.4
2026-04-23T09:04:41Z,südbad_sauna,8,100,8.0
2026-04-23T09:04:41Z,westbad_sauna,5,60,8.3
2026-04-23T10:49:03Z,bad_giesing-harlaching_swim,34,311,10.9
2026-04-23T10:49:03Z,cosimawellenbad_swim,41,530,7.7
2026-04-23T10:49:03Z,michaelibad_swim,115,570,20.2
2026-04-23T10:49:03Z,müller’sches_volksbad_swim,29,177,16.4
2026-04-23T10:49:03Z,nordbad_swim,128,432,29.6
2026-04-23T10:49:03Z,olympia-schwimmhalle_swim,151,959,15.7
2026-04-23T10:49:03Z,südbad_swim,61,314,19.4
2026-04-23T10:49:03Z,westbad_swim,99,872,11.4
2026-04-23T10:49:03Z,cosimawellenbad_sauna,7,170,4.1
2026-04-23T10:49:03Z,michaelibad_sauna,12,150,8.0
2026-04-23T10:49:03Z,müller’sches_volksbad_sauna,10,70,14.3
2026-04-23T10:49:03Z,nordbad_sauna,9,146,6.2
2026-04-23T10:49:03Z,südbad_sauna,14,100,14.0
2026-04-23T10:49:03Z,westbad_sauna,12,60,20.0
2026-04-23T12:09:54Z,bad_giesing-harlaching_swim,45,311,14.5
2026-04-23T12:09:54Z,cosimawellenbad_swim,50,530,9.4
2026-04-23T12:09:54Z,michaelibad_swim,95,570,16.7
2026-04-23T12:09:54Z,müller’sches_volksbad_swim,43,177,24.3
2026-04-23T12:09:54Z,nordbad_swim,126,432,29.2
2026-04-23T12:09:54Z,olympia-schwimmhalle_swim,133,959,13.9
2026-04-23T12:09:54Z,südbad_swim,56,314,17.8
2026-04-23T12:09:54Z,westbad_swim,118,872,13.5
2026-04-23T12:09:54Z,cosimawellenbad_sauna,3,170,1.8
2026-04-23T12:09:54Z,michaelibad_sauna,10,150,6.7
2026-04-23T12:09:54Z,müller’sches_volksbad_sauna,9,70,12.9
2026-04-23T12:09:54Z,nordbad_sauna,15,146,10.3
2026-04-23T12:09:54Z,südbad_sauna,16,100,16.0
2026-04-23T12:09:54Z,westbad_sauna,11,60,18.3
2026-04-23T14:13:46Z,bad_giesing-harlaching_swim,84,311,27.0
2026-04-23T14:13:46Z,cosimawellenbad_swim,65,530,12.3
2026-04-23T14:13:46Z,michaelibad_swim,146,570,25.6
2026-04-23T14:13:46Z,müller’sches_volksbad_swim,41,177,23.2
2026-04-23T14:13:46Z,nordbad_swim,147,432,34.0
2026-04-23T14:13:46Z,olympia-schwimmhalle_swim,171,959,17.8
2026-04-23T14:13:46Z,südbad_swim,73,314,23.2
2026-04-23T14:13:46Z,westbad_swim,139,872,15.9
2026-04-23T14:13:46Z,cosimawellenbad_sauna,6,170,3.5
2026-04-23T14:13:46Z,michaelibad_sauna,12,150,8.0
2026-04-23T14:13:46Z,müller’sches_volksbad_sauna,10,70,14.3
2026-04-23T14:13:46Z,nordbad_sauna,13,146,8.9
2026-04-23T14:13:46Z,südbad_sauna,12,100,12.0
2026-04-23T14:13:46Z,westbad_sauna,12,60,20.0
2026-04-23T16:11:28Z,bad_giesing-harlaching_swim,89,311,28.6
2026-04-23T16:11:28Z,cosimawellenbad_swim,77,530,14.5
2026-04-23T16:11:28Z,michaelibad_swim,231,570,40.5
2026-04-23T16:11:28Z,müller’sches_volksbad_swim,42,177,23.7
2026-04-23T16:11:28Z,nordbad_swim,151,432,35.0
2026-04-23T16:11:28Z,olympia-schwimmhalle_swim,416,959,43.4
2026-04-23T16:11:28Z,südbad_swim,93,314,29.6
2026-04-23T16:11:28Z,westbad_swim,165,872,18.9
2026-04-23T16:11:28Z,cosimawellenbad_sauna,9,170,5.3
2026-04-23T16:11:28Z,michaelibad_sauna,18,150,12.0
2026-04-23T16:11:28Z,müller’sches_volksbad_sauna,13,70,18.6
2026-04-23T16:11:28Z,nordbad_sauna,20,146,13.7
2026-04-23T16:11:28Z,südbad_sauna,7,100,7.0
2026-04-23T16:11:28Z,westbad_sauna,11,60,18.3
2026-04-23T17:48:08Z,bad_giesing-harlaching_swim,50,311,16.1
2026-04-23T17:48:08Z,cosimawellenbad_swim,47,530,8.9
2026-04-23T17:48:08Z,michaelibad_swim,193,570,33.9
2026-04-23T17:48:08Z,müller’sches_volksbad_swim,63,177,35.6
2026-04-23T17:48:08Z,nordbad_swim,123,432,28.5
2026-04-23T17:48:08Z,olympia-schwimmhalle_swim,333,959,34.7
2026-04-23T17:48:08Z,südbad_swim,63,314,20.1
2026-04-23T17:48:08Z,westbad_swim,94,872,10.8
2026-04-23T17:48:08Z,cosimawellenbad_sauna,8,170,4.7
2026-04-23T17:48:08Z,michaelibad_sauna,15,150,10.0
2026-04-23T17:48:08Z,müller’sches_volksbad_sauna,14,70,20.0
2026-04-23T17:48:08Z,nordbad_sauna,23,146,15.8
2026-04-23T17:48:08Z,südbad_sauna,13,100,13.0
2026-04-23T17:48:08Z,westbad_sauna,17,60,28.3
2026-04-23T19:42:35Z,bad_giesing-harlaching_swim,23,311,7.4
2026-04-23T19:42:35Z,cosimawellenbad_swim,30,530,5.7
2026-04-23T19:42:35Z,michaelibad_swim,110,570,19.3
2026-04-23T19:42:35Z,müller’sches_volksbad_swim,38,177,21.5
2026-04-23T19:42:35Z,nordbad_swim,91,432,21.1
2026-04-23T19:42:35Z,olympia-schwimmhalle_swim,217,959,22.6
2026-04-23T19:42:35Z,südbad_swim,65,314,20.7
2026-04-23T19:42:35Z,westbad_swim,112,872,12.8
2026-04-23T19:42:35Z,cosimawellenbad_sauna,20,170,11.8
2026-04-23T19:42:35Z,michaelibad_sauna,13,150,8.7
2026-04-23T19:42:35Z,müller’sches_volksbad_sauna,17,70,24.3
2026-04-23T19:42:35Z,nordbad_sauna,29,146,19.9
2026-04-23T19:42:35Z,südbad_sauna,22,100,22.0
2026-04-23T19:42:35Z,westbad_sauna,26,60,43.3
2026-04-23T21:09:12Z,bad_giesing-harlaching_swim,3,311,1.0
2026-04-23T21:09:12Z,cosimawellenbad_swim,1,530,0.2
2026-04-23T21:09:12Z,michaelibad_swim,4,570,0.7
2026-04-23T21:09:12Z,müller’sches_volksbad_swim,4,177,2.3
2026-04-23T21:09:12Z,nordbad_swim,3,432,0.7
2026-04-23T21:09:12Z,olympia-schwimmhalle_swim,15,959,1.6
2026-04-23T21:09:12Z,südbad_swim,5,314,1.6
2026-04-23T21:09:12Z,westbad_swim,10,872,1.1
2026-04-23T21:09:12Z,cosimawellenbad_sauna,0,170,0.0
2026-04-23T21:09:12Z,michaelibad_sauna,1,150,0.7
2026-04-23T21:09:12Z,müller’sches_volksbad_sauna,0,70,0.0
2026-04-23T21:09:12Z,nordbad_sauna,1,146,0.7
2026-04-23T21:09:12Z,südbad_sauna,1,100,1.0
2026-04-23T21:09:12Z,westbad_sauna,3,60,5.0
2026-04-23T22:03:38Z,bad_giesing-harlaching_swim,3,311,1.0
2026-04-23T22:03:38Z,cosimawellenbad_swim,1,530,0.2
2026-04-23T22:03:38Z,michaelibad_swim,0,570,0.0
2026-04-23T22:03:38Z,müller’sches_volksbad_swim,4,177,2.3
2026-04-23T22:03:38Z,nordbad_swim,0,432,0.0
2026-04-23T22:03:38Z,olympia-schwimmhalle_swim,15,959,1.6
2026-04-23T22:03:38Z,südbad_swim,0,314,0.0
2026-04-23T22:03:38Z,westbad_swim,0,872,0.0
2026-04-23T22:03:38Z,cosimawellenbad_sauna,0,170,0.0
2026-04-23T22:03:38Z,michaelibad_sauna,0,150,0.0
2026-04-23T22:03:38Z,müller’sches_volksbad_sauna,0,70,0.0
2026-04-23T22:03:38Z,nordbad_sauna,0,146,0.0
2026-04-23T22:03:38Z,südbad_sauna,0,100,0.0
2026-04-23T22:03:38Z,westbad_sauna,0,60,0.0
2026-04-23T23:08:30Z,bad_giesing-harlaching_swim,0,311,0.0
2026-04-23T23:08:30Z,cosimawellenbad_swim,0,530,0.0
2026-04-23T23:08:30Z,michaelibad_swim,0,570,0.0
2026-04-23T23:08:30Z,müller’sches_volksbad_swim,0,177,0.0
2026-04-23T23:08:30Z,nordbad_swim,0,432,0.0
2026-04-23T23:08:30Z,olympia-schwimmhalle_swim,0,959,0.0
2026-04-23T23:08:30Z,südbad_swim,0,314,0.0
2026-04-23T23:08:30Z,westbad_swim,0,872,0.0
2026-04-23T23:08:30Z,cosimawellenbad_sauna,0,170,0.0
2026-04-23T23:08:30Z,michaelibad_sauna,0,150,0.0
2026-04-23T23:08:30Z,müller’sches_volksbad_sauna,0,70,0.0
2026-04-23T23:08:30Z,nordbad_sauna,0,146,0.0
2026-04-23T23:08:30Z,südbad_sauna,0,100,0.0
2026-04-23T23:08:30Z,westbad_sauna,0,60,0.0
2026-04-24T03:52:54Z,bad_giesing-harlaching_swim,0,311,0.0
2026-04-24T03:52:54Z,cosimawellenbad_swim,0,530,0.0
2026-04-24T03:52:54Z,michaelibad_swim,0,570,0.0
2026-04-24T03:52:54Z,müller’sches_volksbad_swim,0,177,0.0
2026-04-24T03:52:54Z,nordbad_swim,0,432,0.0
2026-04-24T03:52:54Z,olympia-schwimmhalle_swim,0,959,0.0
2026-04-24T03:52:54Z,südbad_swim,0,314,0.0
2026-04-24T03:52:54Z,westbad_swim,0,872,0.0
2026-04-24T03:52:54Z,cosimawellenbad_sauna,0,170,0.0
2026-04-24T03:52:54Z,michaelibad_sauna,0,150,0.0
2026-04-24T03:52:54Z,müller’sches_volksbad_sauna,0,70,0.0
2026-04-24T03:52:54Z,nordbad_sauna,0,146,0.0
2026-04-24T03:52:54Z,südbad_sauna,0,100,0.0
2026-04-24T03:52:54Z,westbad_sauna,0,60,0.0
2026-04-24T06:21:11Z,bad_giesing-harlaching_swim,41,311,13.2
2026-04-24T06:21:11Z,cosimawellenbad_swim,43,530,8.1
2026-04-24T06:21:11Z,michaelibad_swim,108,570,18.9
2026-04-24T06:21:11Z,müller’sches_volksbad_swim,38,177,21.5
2026-04-24T06:21:11Z,nordbad_swim,106,432,24.5
2026-04-24T06:21:11Z,olympia-schwimmhalle_swim,120,959,12.5
2026-04-24T06:21:11Z,südbad_swim,83,314,26.4
2026-04-24T06:21:11Z,westbad_swim,45,872,5.2
2026-04-24T06:21:11Z,cosimawellenbad_sauna,0,170,0.0
2026-04-24T06:21:11Z,michaelibad_sauna,1,150,0.7
2026-04-24T06:21:11Z,müller’sches_volksbad_sauna,0,70,0.0
2026-04-24T06:21:11Z,nordbad_sauna,0,146,0.0
2026-04-24T06:21:11Z,südbad_sauna,0,100,0.0
2026-04-24T06:21:11Z,westbad_sauna,3,60,5.0
2026-04-24T09:12:19Z,bad_giesing-harlaching_swim,31,311,10.0
2026-04-24T09:12:19Z,cosimawellenbad_swim,65,530,12.3
2026-04-24T09:12:19Z,michaelibad_swim,88,570,15.4
2026-04-24T09:12:19Z,müller’sches_volksbad_swim,28,177,15.8
2026-04-24T09:12:19Z,nordbad_swim,163,432,37.7
2026-04-24T09:12:19Z,olympia-schwimmhalle_swim,155,959,16.2
2026-04-24T09:12:19Z,südbad_swim,67,314,21.3
2026-04-24T09:12:19Z,westbad_swim,120,872,13.8
2026-04-24T09:12:19Z,cosimawellenbad_sauna,5,170,2.9
2026-04-24T09:12:19Z,michaelibad_sauna,13,150,8.7
2026-04-24T09:12:19Z,müller’sches_volksbad_sauna,10,70,14.3
2026-04-24T09:12:19Z,nordbad_sauna,4,146,2.7
2026-04-24T09:12:19Z,südbad_sauna,4,100,4.0
2026-04-24T09:12:19Z,westbad_sauna,12,60,20.0
2026-04-24T10:46:14Z,bad_giesing-harlaching_swim,44,311,14.1
2026-04-24T10:46:14Z,cosimawellenbad_swim,64,530,12.1
2026-04-24T10:46:14Z,michaelibad_swim,132,570,23.2
2026-04-24T10:46:14Z,müller’sches_volksbad_swim,22,177,12.4
2026-04-24T10:46:14Z,nordbad_swim,127,432,29.4
2026-04-24T10:46:14Z,olympia-schwimmhalle_swim,149,959,15.5
2026-04-24T10:46:14Z,südbad_swim,113,314,36.0
2026-04-24T10:46:14Z,westbad_swim,141,872,16.2
2026-04-24T10:46:14Z,cosimawellenbad_sauna,17,170,10.0
2026-04-24T10:46:14Z,michaelibad_sauna,13,150,8.7
2026-04-24T10:46:14Z,müller’sches_volksbad_sauna,10,70,14.3
2026-04-24T10:46:14Z,nordbad_sauna,9,146,6.2
2026-04-24T10:46:14Z,südbad_sauna,8,100,8.0
2026-04-24T10:46:14Z,westbad_sauna,9,60,15.0
2026-04-24T12:07:47Z,bad_giesing-harlaching_swim,28,311,9.0
2026-04-24T12:07:47Z,cosimawellenbad_swim,59,530,11.1
2026-04-24T12:07:47Z,michaelibad_swim,148,570,26.0
2026-04-24T12:07:47Z,müller’sches_volksbad_swim,35,177,19.8
2026-04-24T12:07:47Z,nordbad_swim,135,432,31.2
2026-04-24T12:07:47Z,olympia-schwimmhalle_swim,116,959,12.1
2026-04-24T12:07:47Z,südbad_swim,78,314,24.8
2026-04-24T12:07:47Z,westbad_swim,175,872,20.1
2026-04-24T12:07:47Z,cosimawellenbad_sauna,13,170,7.6
2026-04-24T12:07:47Z,michaelibad_sauna,16,150,10.7
2026-04-24T12:07:47Z,müller’sches_volksbad_sauna,8,70,11.4
2026-04-24T12:07:47Z,nordbad_sauna,11,146,7.5
2026-04-24T12:07:47Z,südbad_sauna,9,100,9.0
2026-04-24T12:07:47Z,westbad_sauna,4,60,6.7
2026-04-24T14:09:27Z,bad_giesing-harlaching_swim,45,311,14.5
2026-04-24T14:09:27Z,cosimawellenbad_swim,121,530,22.8
2026-04-24T14:09:27Z,michaelibad_swim,199,570,34.9
2026-04-24T14:09:27Z,müller’sches_volksbad_swim,32,177,18.1
2026-04-24T14:09:27Z,nordbad_swim,194,432,44.9
2026-04-24T14:09:27Z,olympia-schwimmhalle_swim,248,959,25.9
2026-04-24T14:09:27Z,südbad_swim,97,314,30.9
2026-04-24T14:09:27Z,westbad_swim,224,872,25.7
2026-04-24T14:09:27Z,cosimawellenbad_sauna,13,170,7.6
2026-04-24T14:09:27Z,michaelibad_sauna,17,150,11.3
2026-04-24T14:09:27Z,müller’sches_volksbad_sauna,7,70,10.0
2026-04-24T14:09:27Z,nordbad_sauna,11,146,7.5
2026-04-24T14:09:27Z,südbad_sauna,10,100,10.0
2026-04-24T14:09:27Z,westbad_sauna,2,60,3.3
2026-04-24T15:39:44Z,bad_giesing-harlaching_swim,74,311,23.8
2026-04-24T15:39:44Z,cosimawellenbad_swim,150,530,28.3
2026-04-24T15:39:44Z,michaelibad_swim,281,570,49.3
2026-04-24T15:39:44Z,müller’sches_volksbad_swim,50,177,28.2
2026-04-24T15:39:44Z,nordbad_swim,224,432,51.9
2026-04-24T15:39:44Z,olympia-schwimmhalle_swim,259,959,27.0
2026-04-24T15:39:44Z,südbad_swim,140,314,44.6
2026-04-24T15:39:44Z,westbad_swim,255,872,29.2
2026-04-24T15:39:44Z,cosimawellenbad_sauna,17,170,10.0
2026-04-24T15:39:44Z,michaelibad_sauna,16,150,10.7
2026-04-24T15:39:44Z,müller’sches_volksbad_sauna,8,70,11.4
2026-04-24T15:39:44Z,nordbad_sauna,13,146,8.9
2026-04-24T15:39:44Z,südbad_sauna,10,100,10.0
2026-04-24T15:39:44Z,westbad_sauna,6,60,10.0
2026-04-24T17:14:36Z,bad_giesing-harlaching_swim,58,311,18.6
2026-04-24T17:14:36Z,cosimawellenbad_swim,117,530,22.1
2026-04-24T17:14:36Z,michaelibad_swim,252,570,44.2
2026-04-24T17:14:36Z,müller’sches_volksbad_swim,30,177,16.9
2026-04-24T17:14:36Z,nordbad_swim,160,432,37.0
2026-04-24T17:14:36Z,olympia-schwimmhalle_swim,215,959,22.4
2026-04-24T17:14:36Z,südbad_swim,91,314,29.0
2026-04-24T17:14:36Z,westbad_swim,192,872,22.0
2026-04-24T17:14:36Z,cosimawellenbad_sauna,10,170,5.9
2026-04-24T17:14:36Z,michaelibad_sauna,16,150,10.7
2026-04-24T17:14:36Z,müller’sches_volksbad_sauna,13,70,18.6
2026-04-24T17:14:36Z,nordbad_sauna,8,146,5.5
2026-04-24T17:14:36Z,südbad_sauna,9,100,9.0
2026-04-24T17:14:36Z,westbad_sauna,9,60,15.0
2026-04-24T18:02:30Z,bad_giesing-harlaching_swim,35,311,11.3
2026-04-24T18:02:30Z,cosimawellenbad_swim,101,530,19.1
2026-04-24T18:02:30Z,michaelibad_swim,200,570,35.1
2026-04-24T18:02:30Z,müller’sches_volksbad_swim,25,177,14.1
2026-04-24T18:02:30Z,nordbad_swim,108,432,25.0
2026-04-24T18:02:30Z,olympia-schwimmhalle_swim,247,959,25.8
2026-04-24T18:02:30Z,südbad_swim,60,314,19.1
2026-04-24T18:02:30Z,westbad_swim,158,872,18.1
2026-04-24T18:02:30Z,cosimawellenbad_sauna,30,170,17.6
2026-04-24T18:02:30Z,michaelibad_sauna,26,150,17.3
2026-04-24T18:02:30Z,müller’sches_volksbad_sauna,15,70,21.4
2026-04-24T18:02:30Z,nordbad_sauna,13,146,8.9
2026-04-24T18:02:30Z,südbad_sauna,12,100,12.0
2026-04-24T18:02:30Z,westbad_sauna,13,60,21.7
2026-04-24T19:14:04Z,bad_giesing-harlaching_swim,16,311,5.1
2026-04-24T19:14:04Z,cosimawellenbad_swim,51,530,9.6
2026-04-24T19:14:04Z,michaelibad_swim,123,570,21.6
2026-04-24T19:14:04Z,müller’sches_volksbad_swim,30,177,16.9
2026-04-24T19:14:04Z,nordbad_swim,93,432,21.5
2026-04-24T19:14:04Z,olympia-schwimmhalle_swim,207,959,21.6
2026-04-24T19:14:04Z,südbad_swim,42,314,13.4
2026-04-24T19:14:04Z,westbad_swim,126,872,14.4
2026-04-24T19:14:04Z,cosimawellenbad_sauna,31,170,18.2
2026-04-24T19:14:04Z,michaelibad_sauna,18,150,12.0
2026-04-24T19:14:04Z,müller’sches_volksbad_sauna,17,70,24.3
2026-04-24T19:14:04Z,nordbad_sauna,24,146,16.4
2026-04-24T19:14:04Z,südbad_sauna,9,100,9.0
2026-04-24T19:14:04Z,westbad_sauna,25,60,41.7
2026-04-24T20:03:32Z,bad_giesing-harlaching_swim,3,311,1.0
2026-04-24T20:03:32Z,cosimawellenbad_swim,46,530,8.7
2026-04-24T20:03:32Z,michaelibad_swim,72,570,12.6
2026-04-24T20:03:32Z,müller’sches_volksbad_swim,19,177,10.7
2026-04-24T20:03:32Z,nordbad_swim,75,432,17.4
2026-04-24T20:03:32Z,olympia-schwimmhalle_swim,123,959,12.8
2026-04-24T20:03:32Z,südbad_swim,27,314,8.6
2026-04-24T20:03:32Z,westbad_swim,117,872,13.4
2026-04-24T20:03:32Z,cosimawellenbad_sauna,27,170,15.9
2026-04-24T20:03:32Z,michaelibad_sauna,12,150,8.0
2026-04-24T20:03:32Z,müller’sches_volksbad_sauna,14,70,20.0
2026-04-24T20:03:32Z,nordbad_sauna,19,146,13.0
2026-04-24T20:03:32Z,südbad_sauna,7,100,7.0
2026-04-24T20:03:32Z,westbad_sauna,25,60,41.7
2026-04-24T21:07:51Z,bad_giesing-harlaching_swim,1,311,0.3
2026-04-24T21:07:51Z,cosimawellenbad_swim,6,530,1.1
2026-04-24T21:07:51Z,michaelibad_swim,6,570,1.1
2026-04-24T21:07:51Z,müller’sches_volksbad_swim,1,177,0.6
2026-04-24T21:07:51Z,nordbad_swim,9,432,2.1
2026-04-24T21:07:51Z,olympia-schwimmhalle_swim,7,959,0.7
2026-04-24T21:07:51Z,südbad_swim,3,314,1.0
2026-04-24T21:07:51Z,westbad_swim,26,872,3.0
2026-04-24T21:07:51Z,cosimawellenbad_sauna,0,170,0.0
2026-04-24T21:07:51Z,michaelibad_sauna,0,150,0.0
2026-04-24T21:07:51Z,müller’sches_volksbad_sauna,0,70,0.0
2026-04-24T21:07:51Z,südbad_sauna,1,100,1.0
2026-04-24T21:07:51Z,westbad_sauna,0,60,0.0
2026-04-24T22:03:59Z,bad_giesing-harlaching_swim,1,311,0.3
2026-04-24T22:03:59Z,cosimawellenbad_swim,6,530,1.1
2026-04-24T22:03:59Z,michaelibad_swim,6,570,1.1
2026-04-24T22:03:59Z,müller’sches_volksbad_swim,1,177,0.6
2026-04-24T22:03:59Z,nordbad_swim,9,432,2.1
2026-04-24T22:03:59Z,olympia-schwimmhalle_swim,7,959,0.7
2026-04-24T22:03:59Z,südbad_swim,3,314,1.0
2026-04-24T22:03:59Z,westbad_swim,26,872,3.0
2026-04-24T22:03:59Z,cosimawellenbad_sauna,0,170,0.0
2026-04-24T22:03:59Z,michaelibad_sauna,0,150,0.0
2026-04-24T22:03:59Z,müller’sches_volksbad_sauna,0,70,0.0
2026-04-24T22:03:59Z,südbad_sauna,1,100,1.0
2026-04-24T22:03:59Z,westbad_sauna,0,60,0.0
2026-04-24T23:00:33Z,bad_giesing-harlaching_swim,0,311,0.0
2026-04-24T23:00:33Z,cosimawellenbad_swim,0,530,0.0
2026-04-24T23:00:33Z,michaelibad_swim,0,570,0.0
2026-04-24T23:00:33Z,müller’sches_volksbad_swim,0,177,0.0
2026-04-24T23:00:33Z,nordbad_swim,0,432,0.0
2026-04-24T23:00:33Z,olympia-schwimmhalle_swim,0,959,0.0
2026-04-24T23:00:33Z,südbad_swim,0,314,0.0
2026-04-24T23:00:33Z,westbad_swim,0,872,0.0
2026-04-24T23:00:33Z,cosimawellenbad_sauna,0,170,0.0
2026-04-24T23:00:33Z,michaelibad_sauna,0,150,0.0
2026-04-24T23:00:33Z,müller’sches_volksbad_sauna,0,70,0.0
2026-04-24T23:00:33Z,nordbad_sauna,0,146,0.0
2026-04-24T23:00:33Z,südbad_sauna,0,100,0.0
2026-04-24T23:00:33Z,westbad_sauna,0,60,0.0
2026-04-24T23:56:55Z,bad_giesing-harlaching_swim,0,311,0.0
2026-04-24T23:56:55Z,cosimawellenbad_swim,0,530,0.0
2026-04-24T23:56:55Z,michaelibad_swim,0,570,0.0
2026-04-24T23:56:55Z,müller’sches_volksbad_swim,0,177,0.0
2026-04-24T23:56:55Z,nordbad_swim,0,432,0.0
2026-04-24T23:56:55Z,olympia-schwimmhalle_swim,0,959,0.0
2026-04-24T23:56:55Z,südbad_swim,0,314,0.0
2026-04-24T23:56:55Z,westbad_swim,0,872,0.0
2026-04-24T23:56:55Z,cosimawellenbad_sauna,0,170,0.0
2026-04-24T23:56:55Z,michaelibad_sauna,0,150,0.0
2026-04-24T23:56:55Z,müller’sches_volksbad_sauna,0,70,0.0
2026-04-24T23:56:55Z,nordbad_sauna,0,146,0.0
2026-04-24T23:56:55Z,südbad_sauna,0,100,0.0
2026-04-24T23:56:55Z,westbad_sauna,0,60,0.0
2026-04-25T03:33:33Z,bad_giesing-harlaching_swim,0,311,0.0
2026-04-25T03:33:33Z,cosimawellenbad_swim,0,530,0.0
2026-04-25T03:33:33Z,michaelibad_swim,0,570,0.0
2026-04-25T03:33:33Z,müller’sches_volksbad_swim,0,177,0.0
2026-04-25T03:33:33Z,nordbad_swim,0,432,0.0
2026-04-25T03:33:33Z,olympia-schwimmhalle_swim,0,959,0.0
2026-04-25T03:33:33Z,südbad_swim,0,314,0.0
2026-04-25T03:33:33Z,westbad_swim,0,872,0.0
2026-04-25T03:33:33Z,cosimawellenbad_sauna,0,170,0.0
2026-04-25T03:33:33Z,michaelibad_sauna,0,150,0.0
2026-04-25T03:33:33Z,müller’sches_volksbad_sauna,0,70,0.0
2026-04-25T03:33:33Z,nordbad_sauna,0,146,0.0
2026-04-25T03:33:33Z,südbad_sauna,0,100,0.0
2026-04-25T03:33:33Z,westbad_sauna,0,60,0.0
2026-04-25T05:59:46Z,bad_giesing-harlaching_swim,0,311,0.0
2026-04-25T05:59:46Z,cosimawellenbad_swim,37,530,7.0
2026-04-25T05:59:46Z,michaelibad_swim,53,570,9.3
2026-04-25T05:59:46Z,müller’sches_volksbad_swim,31,177,17.5
2026-04-25T05:59:46Z,nordbad_swim,44,432,10.2
2026-04-25T05:59:46Z,olympia-schwimmhalle_swim,96,959,10.0
2026-04-25T05:59:46Z,südbad_swim,29,314,9.2
2026-04-25T05:59:46Z,westbad_swim,43,872,4.9
2026-04-25T05:59:46Z,cosimawellenbad_sauna,0,170,0.0
2026-04-25T05:59:46Z,michaelibad_sauna,6,150,4.0
2026-04-25T05:59:46Z,müller’sches_volksbad_sauna,0,70,0.0
2026-04-25T05:59:46Z,nordbad_sauna,0,146,0.0
2026-04-25T05:59:46Z,südbad_sauna,0,100,0.0
2026-04-25T05:59:46Z,westbad_sauna,1,60,1.7
2026-04-25T07:46:37Z,bad_giesing-harlaching_swim,35,311,11.3
2026-04-25T07:46:37Z,cosimawellenbad_swim,65,530,12.3
2026-04-25T07:46:37Z,michaelibad_swim,91,570,16.0
2026-04-25T07:46:37Z,müller’sches_volksbad_swim,26,177,14.7
2026-04-25T07:46:37Z,nordbad_swim,91,432,21.1
2026-04-25T07:46:37Z,olympia-schwimmhalle_swim,164,959,17.1
2026-04-25T07:46:37Z,südbad_swim,84,314,26.8
2026-04-25T07:46:37Z,westbad_swim,124,872,14.2
2026-04-25T07:46:37Z,cosimawellenbad_sauna,3,170,1.8
2026-04-25T07:46:37Z,michaelibad_sauna,10,150,6.7
2026-04-25T07:46:37Z,müller’sches_volksbad_sauna,1,70,1.4
2026-04-25T07:46:37Z,nordbad_sauna,4,146,2.7
2026-04-25T07:46:37Z,südbad_sauna,3,100,3.0
2026-04-25T07:46:37Z,westbad_sauna,2,60,3.3
2026-04-25T09:12:07Z,bad_giesing-harlaching_swim,48,311,15.4
2026-04-25T09:12:07Z,cosimawellenbad_swim,113,530,21.3
2026-04-25T09:12:07Z,michaelibad_swim,151,570,26.5
2026-04-25T09:12:07Z,müller’sches_volksbad_swim,27,177,15.3
2026-04-25T09:12:07Z,nordbad_swim,156,432,36.1
2026-04-25T09:12:07Z,olympia-schwimmhalle_swim,251,959,26.2
2026-04-25T09:12:07Z,südbad_swim,94,314,29.9
2026-04-25T09:12:07Z,westbad_swim,211,872,24.2
2026-04-25T09:12:07Z,cosimawellenbad_sauna,4,170,2.4
2026-04-25T09:12:07Z,michaelibad_sauna,8,150,5.3
2026-04-25T09:12:07Z,müller’sches_volksbad_sauna,7,70,10.0
2026-04-25T09:12:07Z,nordbad_sauna,5,146,3.4
2026-04-25T09:12:07Z,südbad_sauna,6,100,6.0
2026-04-25T09:12:07Z,westbad_sauna,6,60,10.0
2026-04-25T10:07:33Z,bad_giesing-harlaching_swim,57,311,18.3
2026-04-25T10:07:33Z,cosimawellenbad_swim,133,530,25.1
2026-04-25T10:07:33Z,michaelibad_swim,223,570,39.1
2026-04-25T10:07:33Z,müller’sches_volksbad_swim,36,177,20.3
2026-04-25T10:07:33Z,nordbad_swim,174,432,40.3
2026-04-25T10:07:33Z,olympia-schwimmhalle_swim,226,959,23.6
2026-04-25T10:07:33Z,südbad_swim,105,314,33.4
2026-04-25T10:07:33Z,westbad_swim,234,872,26.8
2026-04-25T10:07:33Z,cosimawellenbad_sauna,4,170,2.4
2026-04-25T10:07:33Z,michaelibad_sauna,8,150,5.3
2026-04-25T10:07:33Z,müller’sches_volksbad_sauna,10,70,14.3
2026-04-25T10:07:33Z,nordbad_sauna,9,146,6.2
2026-04-25T10:07:33Z,südbad_sauna,6,100,6.0
2026-04-25T10:07:33Z,westbad_sauna,7,60,11.7
2026-04-25T11:05:50Z,bad_giesing-harlaching_swim,55,311,17.7
2026-04-25T11:05:50Z,cosimawellenbad_swim,199,530,37.5
2026-04-25T11:05:50Z,michaelibad_swim,319,570,56.0
2026-04-25T11:05:50Z,müller’sches_volksbad_swim,35,177,19.8
2026-04-25T11:05:50Z,nordbad_swim,197,432,45.6
2026-04-25T11:05:50Z,olympia-schwimmhalle_swim,236,959,24.6
2026-04-25T11:05:50Z,südbad_swim,122,314,38.9
2026-04-25T11:05:50Z,westbad_swim,295,872,33.8
2026-04-25T11:05:50Z,cosimawellenbad_sauna,3,170,1.8
2026-04-25T11:05:50Z,michaelibad_sauna,11,150,7.3
2026-04-25T11:05:50Z,müller’sches_volksbad_sauna,7,70,10.0
2026-04-25T11:05:50Z,nordbad_sauna,14,146,9.6
2026-04-25T11:05:50Z,südbad_sauna,3,100,3.0
2026-04-25T11:05:50Z,westbad_sauna,7,60,11.7
2026-04-25T11:56:17Z,bad_giesing-harlaching_swim,60,311,19.3
2026-04-25T11:56:17Z,cosimawellenbad_swim,207,530,39.1
2026-04-25T11:56:17Z,michaelibad_swim,377,570,66.1
2026-04-25T11:56:17Z,müller’sches_volksbad_swim,24,177,13.6
2026-04-25T11:56:17Z,nordbad_swim,204,432,47.2
2026-04-25T11:56:17Z,olympia-schwimmhalle_swim,227,959,23.7
2026-04-25T11:56:17Z,südbad_swim,140,314,44.6
2026-04-25T11:56:17Z,westbad_swim,308,872,35.3
2026-04-25T11:56:17Z,cosimawellenbad_sauna,4,170,2.4
2026-04-25T11:56:17Z,michaelibad_sauna,13,150,8.7
2026-04-25T11:56:17Z,müller’sches_volksbad_sauna,6,70,8.6
2026-04-25T11:56:17Z,nordbad_sauna,16,146,11.0
2026-04-25T11:56:17Z,südbad_sauna,3,100,3.0
2026-04-25T11:56:17Z,westbad_sauna,6,60,10.0
2026-04-25T13:39:52Z,bad_giesing-harlaching_swim,53,311,17.0
2026-04-25T13:39:52Z,cosimawellenbad_swim,262,530,49.4
2026-04-25T13:39:52Z,michaelibad_swim,460,570,80.7
2026-04-25T13:39:52Z,müller’sches_volksbad_swim,24,177,13.6
2026-04-25T13:39:52Z,nordbad_swim,251,432,58.1
2026-04-25T13:39:52Z,olympia-schwimmhalle_swim,194,959,20.2
2026-04-25T13:39:52Z,südbad_swim,124,314,39.5
2026-04-25T13:39:52Z,westbad_swim,434,872,49.8
2026-04-25T13:39:52Z,cosimawellenbad_sauna,13,170,7.6
2026-04-25T13:39:52Z,michaelibad_sauna,23,150,15.3
2026-04-25T13:39:52Z,müller’sches_volksbad_sauna,6,70,8.6
2026-04-25T13:39:52Z,nordbad_sauna,21,146,14.4
2026-04-25T13:39:52Z,südbad_sauna,7,100,7.0
2026-04-25T13:39:52Z,westbad_sauna,10,60,16.7
2026-04-25T15:02:37Z,bad_giesing-harlaching_swim,52,311,16.7
2026-04-25T15:02:37Z,cosimawellenbad_swim,242,530,45.7
2026-04-25T15:02:37Z,michaelibad_swim,478,570,83.9
2026-04-25T15:02:37Z,müller’sches_volksbad_swim,25,177,14.1
2026-04-25T15:02:37Z,nordbad_swim,235,432,54.4
2026-04-25T15:02:37Z,olympia-schwimmhalle_swim,181,959,18.9
2026-04-25T15:02:37Z,südbad_swim,101,314,32.2
2026-04-25T15:02:37Z,westbad_swim,451,872,51.7
2026-04-25T15:02:37Z,cosimawellenbad_sauna,13,170,7.6
2026-04-25T15:02:37Z,michaelibad_sauna,21,150,14.0
2026-04-25T15:02:37Z,müller’sches_volksbad_sauna,6,70,8.6
2026-04-25T15:02:37Z,nordbad_sauna,24,146,16.4
2026-04-25T15:02:37Z,südbad_sauna,7,100,7.0
2026-04-25T15:02:37Z,westbad_sauna,12,60,20.0
2026-04-25T15:57:42Z,bad_giesing-harlaching_swim,3,311,1.0
2026-04-25T15:57:42Z,cosimawellenbad_swim,173,530,32.6
2026-04-25T15:57:42Z,michaelibad_swim,445,570,78.1
2026-04-25T15:57:42Z,müller’sches_volksbad_swim,26,177,14.7
2026-04-25T15:57:42Z,nordbad_swim,200,432,46.3
2026-04-25T15:57:42Z,olympia-schwimmhalle_swim,162,959,16.9
2026-04-25T15:57:42Z,südbad_swim,76,314,24.2
2026-04-25T15:57:42Z,westbad_swim,418,872,47.9
2026-04-25T15:57:42Z,cosimawellenbad_sauna,10,170,5.9
2026-04-25T15:57:42Z,michaelibad_sauna,17,150,11.3
2026-04-25T15:57:42Z,müller’sches_volksbad_sauna,6,70,8.6
2026-04-25T15:57:42Z,nordbad_sauna,24,146,16.4
2026-04-25T15:57:42Z,südbad_sauna,8,100,8.0
2026-04-25T15:57:42Z,westbad_sauna,11,60,18.3
2026-04-25T17:02:30Z,bad_giesing-harlaching_swim,0,311,0.0
2026-04-25T17:02:30Z,cosimawellenbad_swim,115,530,21.7
2026-04-25T17:02:30Z,michaelibad_swim,335,570,58.8
2026-04-25T17:02:30Z,müller’sches_volksbad_swim,15,177,8.5
2026-04-25T17:02:30Z,nordbad_swim,140,432,32.4
2026-04-25T17:02:30Z,olympia-schwimmhalle_swim,116,959,12.1
2026-04-25T17:02:30Z,südbad_swim,69,314,22.0
2026-04-25T17:02:30Z,westbad_swim,343,872,39.3
2026-04-25T17:02:30Z,cosimawellenbad_sauna,6,170,3.5
2026-04-25T17:02:30Z,michaelibad_sauna,10,150,6.7
2026-04-25T17:02:30Z,müller’sches_volksbad_sauna,5,70,7.1
2026-04-25T17:02:30Z,nordbad_sauna,21,146,14.4
2026-04-25T17:02:30Z,südbad_sauna,8,100,8.0
2026-04-25T17:02:30Z,westbad_sauna,8,60,13.3
2026-04-25T17:57:53Z,bad_giesing-harlaching_swim,0,311,0.0
2026-04-25T17:57:53Z,cosimawellenbad_swim,71,530,13.4
2026-04-25T17:57:53Z,michaelibad_swim,225,570,39.5
2026-04-25T17:57:53Z,müller’sches_volksbad_swim,6,177,3.4
2026-04-25T17:57:53Z,nordbad_swim,98,432,22.7
2026-04-25T17:57:53Z,olympia-schwimmhalle_swim,130,959,13.6
2026-04-25T17:57:53Z,südbad_swim,41,314,13.1
2026-04-25T17:57:53Z,westbad_swim,241,872,27.6
2026-04-25T17:57:53Z,cosimawellenbad_sauna,12,170,7.1
2026-04-25T17:57:53Z,michaelibad_sauna,19,150,12.7
2026-04-25T17:57:53Z,müller’sches_volksbad_sauna,12,70,17.1
2026-04-25T17:57:53Z,nordbad_sauna,22,146,15.1
2026-04-25T17:57:53Z,südbad_sauna,13,100,13.0
2026-04-25T17:57:53Z,westbad_sauna,5,60,8.3
2026-04-25T19:12:53Z,bad_giesing-harlaching_swim,0,311,0.0
2026-04-25T19:12:53Z,cosimawellenbad_swim,34,530,6.4
2026-04-25T19:12:53Z,michaelibad_swim,160,570,28.1
2026-04-25T19:12:53Z,müller’sches_volksbad_swim,27,177,15.3
2026-04-25T19:12:53Z,nordbad_swim,95,432,22.0
2026-04-25T19:12:53Z,olympia-schwimmhalle_swim,110,959,11.5
2026-04-25T19:12:53Z,südbad_swim,58,314,18.5
2026-04-25T19:12:53Z,westbad_swim,152,872,17.4
2026-04-25T19:12:53Z,cosimawellenbad_sauna,15,170,8.8
2026-04-25T19:12:53Z,michaelibad_sauna,24,150,16.0
2026-04-25T19:12:53Z,müller’sches_volksbad_sauna,15,70,21.4
2026-04-25T19:12:53Z,nordbad_sauna,25,146,17.1
2026-04-25T19:12:53Z,südbad_sauna,14,100,14.0
2026-04-25T19:12:53Z,westbad_sauna,6,60,10.0
2026-04-25T19:56:21Z,bad_giesing-harlaching_swim,0,311,0.0
2026-04-25T19:56:21Z,cosimawellenbad_swim,30,530,5.7
2026-04-25T19:56:21Z,michaelibad_swim,134,570,23.5
2026-04-25T19:56:21Z,müller’sches_volksbad_swim,24,177,13.6
2026-04-25T19:56:21Z,nordbad_swim,66,432,15.3
2026-04-25T19:56:21Z,olympia-schwimmhalle_swim,93,959,9.7
2026-04-25T19:56:21Z,südbad_swim,43,314,13.7
2026-04-25T19:56:21Z,westbad_swim,113,872,13.0
2026-04-25T19:56:21Z,cosimawellenbad_sauna,17,170,10.0
2026-04-25T19:56:21Z,michaelibad_sauna,16,150,10.7
2026-04-25T19:56:21Z,müller’sches_volksbad_sauna,10,70,14.3
2026-04-25T19:56:21Z,nordbad_sauna,18,146,12.3
2026-04-25T19:56:21Z,südbad_sauna,10,100,10.0
2026-04-25T19:56:21Z,westbad_sauna,7,60,11.7
2026-04-25T20:58:37Z,bad_giesing-harlaching_swim,0,311,0.0
2026-04-25T20:58:37Z,cosimawellenbad_swim,7,530,1.3
2026-04-25T20:58:37Z,michaelibad_swim,27,570,4.7
2026-04-25T20:58:37Z,müller’sches_volksbad_swim,4,177,2.3
2026-04-25T20:58:37Z,nordbad_swim,13,432,3.0
2026-04-25T20:58:37Z,olympia-schwimmhalle_swim,27,959,2.8
2026-04-25T20:58:37Z,südbad_swim,9,314,2.9
2026-04-25T20:58:37Z,westbad_swim,43,872,4.9
2026-04-25T20:58:37Z,cosimawellenbad_sauna,1,170,0.6
2026-04-25T20:58:37Z,michaelibad_sauna,1,150,0.7
2026-04-25T20:58:37Z,müller’sches_volksbad_sauna,2,70,2.9
2026-04-25T20:58:37Z,nordbad_sauna,3,146,2.1
2026-04-25T20:58:37Z,südbad_sauna,1,100,1.0
2026-04-25T20:58:37Z,westbad_sauna,2,60,3.3
2026-04-25T21:54:20Z,bad_giesing-harlaching_swim,0,311,0.0
2026-04-25T21:54:20Z,cosimawellenbad_swim,4,530,0.8
2026-04-25T21:54:20Z,michaelibad_swim,15,570,2.6
2026-04-25T21:54:20Z,müller’sches_volksbad_swim,0,177,0.0
2026-04-25T21:54:20Z,nordbad_swim,9,432,2.1
2026-04-25T21:54:20Z,olympia-schwimmhalle_swim,16,959,1.7
2026-04-25T21:54:20Z,südbad_swim,5,314,1.6
2026-04-25T21:54:20Z,westbad_swim,33,872,3.8
2026-04-25T21:54:20Z,cosimawellenbad_sauna,0,170,0.0
2026-04-25T21:54:20Z,michaelibad_sauna,1,150,0.7
2026-04-25T21:54:20Z,müller’sches_volksbad_sauna,1,70,1.4
2026-04-25T21:54:20Z,nordbad_sauna,1,146,0.7
2026-04-25T21:54:20Z,südbad_sauna,0,100,0.0
2026-04-25T21:54:20Z,westbad_sauna,2,60,3.3
2026-04-25T22:57:47Z,bad_giesing-harlaching_swim,0,311,0.0
2026-04-25T22:57:47Z,cosimawellenbad_swim,4,530,0.8
2026-04-25T22:57:47Z,michaelibad_swim,15,570,2.6
2026-04-25T22:57:47Z,müller’sches_volksbad_swim,0,177,0.0
2026-04-25T22:57:47Z,nordbad_swim,9,432,2.1
2026-04-25T22:57:47Z,olympia-schwimmhalle_swim,16,959,1.7
2026-04-25T22:57:47Z,südbad_swim,5,314,1.6
2026-04-25T22:57:47Z,westbad_swim,33,872,3.8
2026-04-25T22:57:47Z,cosimawellenbad_sauna,0,170,0.0
2026-04-25T22:57:47Z,michaelibad_sauna,1,150,0.7
2026-04-25T22:57:47Z,müller’sches_volksbad_sauna,1,70,1.4
2026-04-25T22:57:47Z,nordbad_sauna,1,146,0.7
2026-04-25T22:57:47Z,südbad_sauna,0,100,0.0
2026-04-25T22:57:47Z,westbad_sauna,2,60,3.3
2026-04-25T23:56:22Z,bad_giesing-harlaching_swim,0,311,0.0
2026-04-25T23:56:22Z,cosimawellenbad_swim,0,530,0.0
2026-04-25T23:56:22Z,michaelibad_swim,0,570,0.0
2026-04-25T23:56:22Z,müller’sches_volksbad_swim,0,177,0.0
2026-04-25T23:56:22Z,nordbad_swim,0,432,0.0
2026-04-25T23:56:22Z,olympia-schwimmhalle_swim,0,959,0.0
2026-04-25T23:56:22Z,südbad_swim,0,314,0.0
2026-04-25T23:56:22Z,westbad_swim,0,872,0.0
2026-04-25T23:56:22Z,cosimawellenbad_sauna,0,170,0.0
2026-04-25T23:56:22Z,michaelibad_sauna,0,150,0.0
2026-04-25T23:56:22Z,müller’sches_volksbad_sauna,0,70,0.0
2026-04-25T23:56:22Z,nordbad_sauna,0,146,0.0
2026-04-25T23:56:22Z,südbad_sauna,0,100,0.0
2026-04-25T23:56:22Z,westbad_sauna,0,60,0.0
2026-04-26T03:57:21Z,bad_giesing-harlaching_swim,0,311,0.0
2026-04-26T03:57:21Z,cosimawellenbad_swim,0,530,0.0
2026-04-26T03:57:21Z,michaelibad_swim,0,570,0.0
2026-04-26T03:57:21Z,müller’sches_volksbad_swim,0,177,0.0
2026-04-26T03:57:21Z,nordbad_swim,0,432,0.0
2026-04-26T03:57:21Z,olympia-schwimmhalle_swim,0,959,0.0
2026-04-26T03:57:21Z,südbad_swim,0,314,0.0
2026-04-26T03:57:21Z,westbad_swim,0,872,0.0
2026-04-26T03:57:21Z,cosimawellenbad_sauna,0,170,0.0
2026-04-26T03:57:21Z,michaelibad_sauna,0,150,0.0
2026-04-26T03:57:21Z,müller’sches_volksbad_sauna,0,70,0.0
2026-04-26T03:57:21Z,nordbad_sauna,0,146,0.0
2026-04-26T03:57:21Z,südbad_sauna,0,100,0.0
2026-04-26T03:57:21Z,westbad_sauna,0,60,0.0
2026-04-26T06:20:15Z,bad_giesing-harlaching_swim,26,311,8.4
2026-04-26T06:20:15Z,cosimawellenbad_swim,41,530,7.7
2026-04-26T06:20:15Z,michaelibad_swim,69,570,12.1
2026-04-26T06:20:15Z,müller’sches_volksbad_swim,40,177,22.6
2026-04-26T06:20:15Z,nordbad_swim,60,432,13.9
2026-04-26T06:20:15Z,olympia-schwimmhalle_swim,82,959,8.6
2026-04-26T06:20:15Z,südbad_swim,53,314,16.9
2026-04-26T06:20:15Z,westbad_swim,38,872,4.4
2026-04-26T06:20:15Z,cosimawellenbad_sauna,0,170,0.0
2026-04-26T06:20:15Z,michaelibad_sauna,4,150,2.7
2026-04-26T06:20:15Z,müller’sches_volksbad_sauna,0,70,0.0
2026-04-26T06:20:15Z,nordbad_sauna,3,146,2.1
2026-04-26T06:20:15Z,südbad_sauna,0,100,0.0
2026-04-26T06:20:15Z,westbad_sauna,3,60,5.0
2026-04-26T08:39:11Z,bad_giesing-harlaching_swim,132,311,42.4
2026-04-26T08:39:11Z,cosimawellenbad_swim,158,530,29.8
2026-04-26T08:39:11Z,michaelibad_swim,228,570,40.0
2026-04-26T08:39:11Z,müller’sches_volksbad_swim,46,177,26.0
2026-04-26T08:39:11Z,nordbad_swim,188,432,43.5
2026-04-26T08:39:11Z,olympia-schwimmhalle_swim,204,959,21.3
2026-04-26T08:39:11Z,südbad_swim,121,314,38.5
2026-04-26T08:39:11Z,westbad_swim,184,872,21.1
2026-04-26T08:39:11Z,cosimawellenbad_sauna,0,170,0.0
2026-04-26T08:39:11Z,michaelibad_sauna,30,150,20.0
2026-04-26T08:39:11Z,müller’sches_volksbad_sauna,8,70,11.4
2026-04-26T08:39:11Z,nordbad_sauna,13,146,8.9
2026-04-26T08:39:11Z,südbad_sauna,6,100,6.0
2026-04-26T08:39:11Z,westbad_sauna,8,60,13.3
2026-04-26T10:08:27Z,bad_giesing-harlaching_swim,126,311,40.5
2026-04-26T10:08:27Z,cosimawellenbad_swim,217,530,40.9
2026-04-26T10:08:27Z,michaelibad_swim,303,570,53.2
2026-04-26T10:08:27Z,müller’sches_volksbad_swim,86,177,48.6
2026-04-26T10:08:27Z,nordbad_swim,237,432,54.9
2026-04-26T10:08:27Z,olympia-schwimmhalle_swim,301,959,31.4
2026-04-26T10:08:27Z,südbad_swim,152,314,48.4
2026-04-26T10:08:27Z,westbad_swim,329,872,37.7
2026-04-26T10:08:27Z,cosimawellenbad_sauna,0,170,0.0
2026-04-26T10:08:27Z,michaelibad_sauna,28,150,18.7
2026-04-26T10:08:27Z,müller’sches_volksbad_sauna,10,70,14.3
2026-04-26T10:08:27Z,nordbad_sauna,13,146,8.9
2026-04-26T10:08:27Z,südbad_sauna,8,100,8.0
2026-04-26T10:08:27Z,westbad_sauna,9,60,15.0
2026-04-26T11:06:16Z,bad_giesing-harlaching_swim,114,311,36.7
2026-04-26T11:06:16Z,cosimawellenbad_swim,229,530,43.2
2026-04-26T11:06:16Z,michaelibad_swim,413,570,72.5
2026-04-26T11:06:16Z,müller’sches_volksbad_swim,28,177,15.8
2026-04-26T11:06:16Z,nordbad_swim,270,432,62.5
2026-04-26T11:06:16Z,olympia-schwimmhalle_swim,284,959,29.6
2026-04-26T11:06:16Z,südbad_swim,141,314,44.9
2026-04-26T11:06:16Z,westbad_swim,428,872,49.1
2026-04-26T11:06:16Z,cosimawellenbad_sauna,0,170,0.0
2026-04-26T11:06:16Z,michaelibad_sauna,28,150,18.7
2026-04-26T11:06:16Z,müller’sches_volksbad_sauna,14,70,20.0
2026-04-26T11:06:16Z,nordbad_sauna,23,146,15.8
2026-04-26T11:06:16Z,südbad_sauna,8,100,8.0
2026-04-26T11:06:16Z,westbad_sauna,10,60,16.7
2026-04-26T13:42:19Z,bad_giesing-harlaching_swim,85,311,27.3
2026-04-26T13:42:19Z,cosimawellenbad_swim,323,530,60.9
2026-04-26T13:42:19Z,michaelibad_swim,535,570,93.9
2026-04-26T13:42:19Z,müller’sches_volksbad_swim,39,177,22.0
2026-04-26T13:42:19Z,nordbad_swim,329,432,76.2
2026-04-26T13:42:19Z,olympia-schwimmhalle_swim,295,959,30.8
2026-04-26T13:42:19Z,südbad_swim,199,314,63.4
2026-04-26T13:42:19Z,westbad_swim,597,872,68.5
2026-04-26T13:42:19Z,cosimawellenbad_sauna,0,170,0.0
2026-04-26T13:42:19Z,michaelibad_sauna,18,150,12.0
2026-04-26T13:42:19Z,müller’sches_volksbad_sauna,13,70,18.6
2026-04-26T13:42:19Z,nordbad_sauna,28,146,19.2
2026-04-26T13:42:19Z,südbad_sauna,12,100,12.0
2026-04-26T13:42:19Z,westbad_sauna,13,60,21.7
2026-04-26T15:03:57Z,bad_giesing-harlaching_swim,77,311,24.8
2026-04-26T15:03:57Z,cosimawellenbad_swim,285,530,53.8
2026-04-26T15:03:57Z,michaelibad_swim,467,570,81.9
2026-04-26T15:03:57Z,müller’sches_volksbad_swim,45,177,25.4
2026-04-26T15:03:57Z,nordbad_swim,256,432,59.3
2026-04-26T15:03:57Z,olympia-schwimmhalle_swim,248,959,25.9
2026-04-26T15:03:57Z,südbad_swim,177,314,56.4
2026-04-26T15:03:57Z,westbad_swim,500,872,57.3
2026-04-26T15:03:57Z,cosimawellenbad_sauna,0,170,0.0
2026-04-26T15:03:57Z,michaelibad_sauna,20,150,13.3
2026-04-26T15:03:57Z,müller’sches_volksbad_sauna,14,70,20.0
2026-04-26T15:03:57Z,nordbad_sauna,31,146,21.2
2026-04-26T15:03:57Z,südbad_sauna,11,100,11.0
2026-04-26T15:03:57Z,westbad_sauna,14,60,23.3
2026-04-26T15:59:04Z,bad_giesing-harlaching_swim,14,311,4.5
2026-04-26T15:59:04Z,cosimawellenbad_swim,186,530,35.1
2026-04-26T15:59:04Z,michaelibad_swim,382,570,67.0
2026-04-26T15:59:04Z,müller’sches_volksbad_swim,49,177,27.7
2026-04-26T15:59:04Z,nordbad_swim,215,432,49.8
2026-04-26T15:59:04Z,olympia-schwimmhalle_swim,214,959,22.3
2026-04-26T15:59:04Z,südbad_swim,112,314,35.7
2026-04-26T15:59:04Z,westbad_swim,423,872,48.5
2026-04-26T15:59:04Z,cosimawellenbad_sauna,0,170,0.0
2026-04-26T15:59:04Z,michaelibad_sauna,24,150,16.0
2026-04-26T15:59:04Z,müller’sches_volksbad_sauna,17,70,24.3
2026-04-26T15:59:04Z,nordbad_sauna,29,146,19.9
2026-04-26T15:59:04Z,südbad_sauna,10,100,10.0
2026-04-26T15:59:04Z,westbad_sauna,14,60,23.3
2026-04-26T17:04:20Z,bad_giesing-harlaching_swim,3,311,1.0
2026-04-26T17:04:20Z,cosimawellenbad_swim,111,530,20.9
2026-04-26T17:04:20Z,michaelibad_swim,272,570,47.7
2026-04-26T17:04:20Z,müller’sches_volksbad_swim,30,177,16.9
2026-04-26T17:04:20Z,nordbad_swim,159,432,36.8
2026-04-26T17:04:20Z,olympia-schwimmhalle_swim,192,959,20.0
2026-04-26T17:04:20Z,südbad_swim,70,314,22.3
2026-04-26T17:04:20Z,westbad_swim,228,872,26.1
2026-04-26T17:04:20Z,cosimawellenbad_sauna,0,170,0.0
2026-04-26T17:04:20Z,michaelibad_sauna,22,150,14.7
2026-04-26T17:04:20Z,müller’sches_volksbad_sauna,21,70,30.0
2026-04-26T17:04:20Z,nordbad_sauna,32,146,21.9
2026-04-26T17:04:20Z,südbad_sauna,12,100,12.0
2026-04-26T17:04:20Z,westbad_sauna,17,60,28.3
2026-04-26T17:59:04Z,bad_giesing-harlaching_swim,3,311,1.0
2026-04-26T17:59:04Z,cosimawellenbad_swim,84,530,15.8
2026-04-26T17:59:04Z,michaelibad_swim,178,570,31.2
2026-04-26T17:59:04Z,müller’sches_volksbad_swim,23,177,13.0
2026-04-26T17:59:04Z,nordbad_swim,134,432,31.0
2026-04-26T17:59:04Z,olympia-schwimmhalle_swim,169,959,17.6
2026-04-26T17:59:04Z,südbad_swim,48,314,15.3
2026-04-26T17:59:04Z,westbad_swim,168,872,19.3
2026-04-26T17:59:04Z,cosimawellenbad_sauna,0,170,0.0
2026-04-26T17:59:04Z,michaelibad_sauna,35,150,23.3
2026-04-26T17:59:04Z,müller’sches_volksbad_sauna,23,70,32.9
2026-04-26T17:59:04Z,nordbad_sauna,34,146,23.3
2026-04-26T17:59:04Z,südbad_sauna,20,100,20.0
2026-04-26T17:59:04Z,westbad_sauna,28,60,46.7
2026-04-26T19:15:00Z,bad_giesing-harlaching_swim,3,311,1.0
2026-04-26T19:15:00Z,cosimawellenbad_swim,58,530,10.9
2026-04-26T19:15:00Z,michaelibad_swim,130,570,22.8
2026-04-26T19:15:00Z,müller’sches_volksbad_swim,21,177,11.9
2026-04-26T19:15:00Z,nordbad_swim,78,432,18.1
2026-04-26T19:15:00Z,olympia-schwimmhalle_swim,154,959,16.1
2026-04-26T19:15:00Z,südbad_swim,55,314,17.5
2026-04-26T19:15:00Z,westbad_swim,98,872,11.2
2026-04-26T19:15:00Z,cosimawellenbad_sauna,0,170,0.0
2026-04-26T19:15:00Z,michaelibad_sauna,34,150,22.7
2026-04-26T19:15:00Z,müller’sches_volksbad_sauna,22,70,31.4
2026-04-26T19:15:00Z,nordbad_sauna,34,146,23.3
2026-04-26T19:15:00Z,südbad_sauna,23,100,23.0
2026-04-26T19:15:00Z,westbad_sauna,34,60,56.7
2026-04-26T19:58:47Z,bad_giesing-harlaching_swim,3,311,1.0
2026-04-26T19:58:47Z,cosimawellenbad_swim,45,530,8.5
2026-04-26T19:58:47Z,michaelibad_swim,119,570,20.9
2026-04-26T19:58:47Z,müller’sches_volksbad_swim,15,177,8.5
2026-04-26T19:58:47Z,nordbad_swim,82,432,19.0
2026-04-26T19:58:47Z,olympia-schwimmhalle_swim,104,959,10.8
2026-04-26T19:58:47Z,südbad_swim,38,314,12.1
2026-04-26T19:58:47Z,westbad_swim,79,872,9.1
2026-04-26T19:58:47Z,cosimawellenbad_sauna,0,170,0.0
2026-04-26T19:58:47Z,michaelibad_sauna,28,150,18.7
2026-04-26T19:58:47Z,müller’sches_volksbad_sauna,20,70,28.6
2026-04-26T19:58:47Z,nordbad_sauna,21,146,14.4
2026-04-26T19:58:47Z,südbad_sauna,19,100,19.0
2026-04-26T19:58:47Z,westbad_sauna,34,60,56.7
2026-04-26T20:58:59Z,bad_giesing-harlaching_swim,3,311,1.0
2026-04-26T20:58:59Z,cosimawellenbad_swim,14,530,2.6
2026-04-26T20:58:59Z,michaelibad_swim,31,570,5.4
2026-04-26T20:58:59Z,müller’sches_volksbad_swim,4,177,2.3
2026-04-26T20:58:59Z,nordbad_swim,14,432,3.2
2026-04-26T20:58:59Z,olympia-schwimmhalle_swim,23,959,2.4
2026-04-26T20:58:59Z,südbad_swim,4,314,1.3
2026-04-26T20:58:59Z,westbad_swim,27,872,3.1
2026-04-26T20:58:59Z,cosimawellenbad_sauna,0,170,0.0
2026-04-26T20:58:59Z,michaelibad_sauna,1,150,0.7
2026-04-26T20:58:59Z,müller’sches_volksbad_sauna,4,70,5.7
2026-04-26T20:58:59Z,nordbad_sauna,2,146,1.4
2026-04-26T20:58:59Z,südbad_sauna,2,100,2.0
2026-04-26T20:58:59Z,westbad_sauna,7,60,11.7
2026-04-26T21:54:58Z,bad_giesing-harlaching_swim,3,311,1.0
2026-04-26T21:54:58Z,cosimawellenbad_swim,10,530,1.9
2026-04-26T21:54:58Z,michaelibad_swim,18,570,3.2
2026-04-26T21:54:58Z,müller’sches_volksbad_swim,0,177,0.0
2026-04-26T21:54:58Z,nordbad_swim,9,432,2.1
2026-04-26T21:54:58Z,olympia-schwimmhalle_swim,10,959,1.0
2026-04-26T21:54:58Z,südbad_swim,2,314,0.6
2026-04-26T21:54:58Z,westbad_swim,12,872,1.4
2026-04-26T21:54:58Z,cosimawellenbad_sauna,0,170,0.0
2026-04-26T21:54:58Z,michaelibad_sauna,0,150,0.0
2026-04-26T21:54:58Z,müller’sches_volksbad_sauna,3,70,4.3
2026-04-26T21:54:58Z,nordbad_sauna,0,146,0.0
2026-04-26T21:54:58Z,südbad_sauna,0,100,0.0
2026-04-26T21:54:58Z,westbad_sauna,5,60,8.3
2026-04-26T23:00:08Z,bad_giesing-harlaching_swim,3,311,1.0
2026-04-26T23:00:08Z,cosimawellenbad_swim,10,530,1.9
2026-04-26T23:00:08Z,michaelibad_swim,18,570,3.2
2026-04-26T23:00:08Z,müller’sches_volksbad_swim,0,177,0.0
2026-04-26T23:00:08Z,nordbad_swim,9,432,2.1
2026-04-26T23:00:08Z,olympia-schwimmhalle_swim,10,959,1.0
2026-04-26T23:00:08Z,südbad_swim,2,314,0.6
2026-04-26T23:00:08Z,westbad_swim,12,872,1.4
2026-04-26T23:00:08Z,cosimawellenbad_sauna,0,170,0.0
2026-04-26T23:00:08Z,michaelibad_sauna,0,150,0.0
2026-04-26T23:00:08Z,müller’sches_volksbad_sauna,3,70,4.3
2026-04-26T23:00:08Z,nordbad_sauna,0,146,0.0
2026-04-26T23:00:08Z,südbad_sauna,0,100,0.0
2026-04-26T23:00:08Z,westbad_sauna,5,60,8.3
